{
  "normal": {
    "TWAP": {
      "mean": 0.024857614449689494,
      "std": 0.055327056276342,
      "min": -0.18211146012351143,
      "max": 0.16535112046236913,
      "median": 0.025242936423376106,
      "var_95": 0.12494516382752595
    },
    "Random": {
      "mean": 0.03475974574432833,
      "std": 0.026192181804127898,
      "min": -0.05603551503495826,
      "max": 0.10797808625245212,
      "median": 0.03514496197751805,
      "var_95": 0.07845350943839148
    },
    "Panic": {
      "mean": 0.04212242450767616,
      "std": 0.0601957226334427,
      "min": -0.17991264234148943,
      "max": 0.1995022018997552,
      "median": 0.041771250526453724,
      "var_95": 0.14620820392750056
    },
    "PPO": {
      "mean": 0.029283154483360576,
      "std": 0.023918090637803827,
      "min": -0.05515121185779231,
      "max": 0.09851051004991748,
      "median": 0.02850569548254314,
      "var_95": 0.06663849875901026
    }
  },
  "high_vol": {
    "TWAP": {
      "mean": 0.029392657605987183,
      "std": 0.13785624209799985,
      "min": -0.413713718023439,
      "max": 0.4135465330845132,
      "median": 0.025760608812927285,
      "var_95": 0.29244988158270063
    },
    "Random": {
      "mean": 0.03750378796495599,
      "std": 0.06517757958359326,
      "min": -0.16858778842021704,
      "max": 0.24367196040521918,
      "median": 0.03633183193936421,
      "var_95": 0.14115329937064158
    },
    "Panic": {
      "mean": 0.04623461507857979,
      "std": 0.15050621423517874,
      "min": -0.423519129043259,
      "max": 0.473753282678787,
      "median": 0.037300125553486475,
      "var_95": 0.31688823065357535
    },
    "PPO": {
      "mean": 0.031078212660247316,
      "std": 0.059597647167128995,
      "min": -0.16928440999081049,
      "max": 0.20637720767627818,
      "median": 0.02845296175657234,
      "var_95": 0.1255738948587765
    }
  },
  "high_impact": {
    "TWAP": {
      "mean": 0.05897988178166799,
      "std": 0.056384992864797666,
      "min": -0.15188350694538416,
      "max": 0.20221123919911996,
      "median": 0.05939215056561529,
      "var_95": 0.16109665207747204
    },
    "Random": {
      "mean": 0.09582286830344261,
      "std": 0.030506691712715115,
      "min": -0.015279758065218672,
      "max": 0.16859777489669123,
      "median": 0.09578098672032048,
      "var_95": 0.14330749724575148
    },
    "Panic": {
      "mean": 0.112771402863304,
      "std": 0.06279343733727157,
      "min": -0.11843097670908839,
      "max": 0.2770820143459051,
      "median": 0.11285709801763902,
      "var_95": 0.22082003588242563
    },
    "PPO": {
      "mean": 0.07904054478076379,
      "std": 0.02427393584101102,
      "min": -0.006165357312718705,
      "max": 0.14947836733250314,
      "median": 0.07835836421893165,
      "var_95": 0.11706018189683785
    }
  }
}